article,ver.lang,category,name,stand_height,din,weight
100904,EN,RACE,FREEFLEX ST 16,17 mm,5 - 16,1325 g/pc.
100905,EN,RACE,FREEFLEX ST 14,17 mm,4 - 14,1235 g/pc.
100906,EN,RACE,FREEFLEX 11 RACE,17 mm,3 - 11,1110 g/pc.
100907,EN,RACE,FREEFLEX 14 GW,21 mm,4 - 14,1160 g/pc.
100908,EN,RACE,FREEFLEX 11 GW,21 mm,3 - 11,1135 g/pc.
100909,EN,RACE,FREEFLEX DEMO 14 GW,21 mm,4 - 14,1325 g/pc.
114300,EN,RACE,FREEFLEX DEMO 14 GW,21 mm,4 - 14,1325 g/pc.
100925,EN,ONPIST,PROTECTOR PR 13 GW,"33,5 mm",4 - 13,1180 g/pc.
100926,EN,ONPIST,PROTECTOR PR 13 GW,"33,5 mm",4 - 13,1180 g/pc.
100927,EN,ONPIST,PROTECTOR PR 13 GW,"33,5 mm",4 - 13,1180 g/pc.
100928,EN,ONPIST,PROTECTOR PR 13 GW,"33,5 mm",4 - 13,1180 g/pc.
100955,EN,ONPIST,PROTECTOR PR 13 GW,"33,5 mm",4 - 13,1180 g/pc.
100956,EN,ONPIST,PROTECTOR PR 13 GW,"33,5 mm",4 - 13,1180 g/pc.
114504,EN,ONPIST,PROTECTOR PR 13 GW,"33,5 mm",4 - 13,2370 g
114505,EN,ONPIST,PROTECTOR PR 13 GW,"33,5 mm",4 - 13,2370 g
114506,EN,ONPIST,PROTECTOR PR 13 GW SET,"33,5 mm",4 - 13,1405 g/pc.
114507,EN,ONPIST,PROTECTOR PR 13 GW SET,"33,5 mm",4 - 13,1405 g/pc.
114545,EN,ONPIST,PROTECTOR PR 13 GW SET,"33,5 mm",4 - 13,1405 g/pc.
114508,EN,ONPIST,PROTECTOR PR 11 GW,"33,5 mm",3 - 11,1175 g/pc.
114509,EN,ONPIST,PROTECTOR PR 11 GW,"33,5 mm",3 - 11,1175 g/pc.
114510,EN,ONPIST,PROTECTOR PR 11 GW SET,"33,5 mm",3 - 11,1400 g/pc.
114511,EN,ONPIST,PROTECTOR PR 11 GW SET,"33,5 mm",3 - 11,1400 g/pc.
114546,EN,ONPIST,PROTECTOR PR 11 GW SET,"33,5 mm",3 - 11,1400 g/pc.
100912,EN,ONPIST,PRD 12 GW,"33,5 mm","3,5 - 12",1000 g/pc.
100941,EN,ONPIST,PRD 12 GW,"33,5 mm","3,5 - 12",1000 g/pc.
100946,EN,ONPIST,PRD 12 GW,"33,5 mm","3,5 - 12",1000 g/pc.
114564,EN,ONPIST,PRD 12 GW,"33,5 mm","3,5 - 12",1000 g/pc.
114464,EN,ONPIST,PRD 12 GW,"33,5 mm","3,5 - 12",1000 g/pc.
114465,EN,ONPIST,PRD 12 GW,"33,5 mm","3,5 - 12",1000 g/pc.
100911,EN,ONPIST,PR 11 GW,31 mm,3 - 11,915 g/pc.
100942,EN,ONPIST,PR 11 GW,31 mm,3 - 11,920 g/pc.
100943,EN,ONPIST,PR 11 GW,31 mm,3 - 11,900 g/pc.
114517,EN,ONPIST,PR 11 GW,31 mm,3 - 11,915 g/pc.
114518,EN,ONPIST,PR 11 GW,31 mm,3 - 11,915 g/pc.
114480,EN,ONPIST,AM 12 GW,21 mm,"3,5 - 12",990 g/pc.
114481,EN,ONPIST,AM 12 GW,21 mm,"3,5 - 12",990 g/pc.
114482,EN,ONPIST,AM 12 GW,21 mm,"3,5 - 12",990 g/pc.
114483,EN,ONPIST,AM 12 GW,21 mm,"3,5 - 12",990 g/pc.
114484,EN,ONPIST,AM 12 GW,21 mm,"3,5 - 12",990 g/pc.
114352,EN,ONPIST,PRW 11 GW,31 mm,3 - 11,905 g/pc.
114469,EN,ONPIST,PRW 11 GW,31 mm,3 - 11,905 g/pc.
100913,EN,ONPIST,PROTECTOR SLR 11 GW,28 mm,3 - 11,980 g/pc.
100914,EN,ONPIST,PROTECTOR SLR 11 GW,28 mm,3 - 11,980 g/pc.
114555,EN,ONPIST,PROTECTOR SLR 11 GW,28 mm,3 - 11,1950 g
114562,EN,ONPIST,PROTECTOR SLR 11 GW,28 mm,3 - 11,980 g/pc.
114556,EN,ONPIST,PROTECTOR SLR 11 GW SET,28 mm,3 - 11,980 g/pc.
114563,EN,ONPIST,PROTECTOR SLR 11 GW SET,28 mm,3 - 11,980 g/pc.
114566,EN,ONPIST,PROTECTOR SLR 11 GW SET,28 mm,3 - 11,980 g/pc.
114567,EN,ONPIST,PROTECTOR SLR 11 GW SET,28 mm,3 - 10,980 g/pc.
114568,EN,ONPIST,PROTECTOR SLR 11 GW SET,28 mm,3 - 10,980 g/pc.
114569,EN,ONPIST,PROTECTOR SLR 11 GW SET,28 mm,3 - 10,980 g/pc.
100950,EN,ONPIST,PROTECTOR SLR 10 GW,28 mm,3 - 10,975 g/pc.
100951,EN,ONPIST,PROTECTOR SLR 10 GW,28 mm,3 - 10,975 g/pc.
100917,EN,ONPIST,JOY 12 GW PRD,"33,5 mm","3,5 - 12",1000 g/pc.
100944,EN,ONPIST,JOY 11 GW SLR,28 mm,3 - 11,900 g/pc.
100945,EN,ONPIST,JOY 11 GW SLR,28 mm,3 - 11,900 g/pc.
100952,EN,ONPIST,JOY 9 GW SLR,28 mm,"2,5 - 9",715 g/pc.
100953,EN,ONPIST,JOY 9 GW SLR,28 mm,"2,5 - 9",715 g/pc.
100954,EN,ONPIST,JOY 9 GW SLR,28 mm,"2,5 - 9",715 g/pc.
114625,EN,FREERIDE,ATTACK HYBRID 14 MN/PT,32 mm,4 - 14,HIKE: 865 g/pc. / SKI: 1115 g/pc.
114626,EN,FREERIDE,ATTACK HYBRID 14 MN/PT,32 mm,4 - 14,HIKE: 865 g/pc. / SKI: 1115 g/pc.
114627,EN,FREERIDE,ATTACK HYBRID 14 MN/PT,32 mm,4 - 14,HIKE: 865 g/pc. / SKI: 1115 g/pc.
114628,EN,FREERIDE,ATTACK HYBRID 11 MN/PT,32 mm,3 - 11,HIKE: 805 g/pc. / SKI: 1055 g/pc.
114629,EN,FREERIDE,ATTACK HYBRID 11 MN/PT,32 mm,3 - 11,HIKE: 805 g/pc. / SKI: 1055 g/pc.
114630,EN,FREERIDE,ATTACK HYBRID 11 MN/PT,32 mm,3 - 11,HIKE: 805 g/pc. / SKI: 1055 g/pc.
114582,EN,FREERIDE,ALMONTE 12 PT,42 mm,5 - 12,325 g/pc.
114583,EN,FREERIDE,ALMONTE 12 PT,42 mm,5 - 12,325 g/pc.
114584,EN,FREERIDE,ALMONTE 12 PT,42 mm,5 - 12,325 g/pc.
114585,EN,FREERIDE,ALMONTE 12 PT,42 mm,5 - 12,325 g/pc.
114586,EN,FREERIDE,ALMONTE 12 PT,42 mm,5 - 12,325 g/pc.
114587,EN,FREERIDE,ALMONTE 12 PT,42 mm,5 - 12,325 g/pc.
114588,EN,FREERIDE,ALMONTE 10 PT,42 mm,4 - 10,325 g/pc.
114589,EN,FREERIDE,ALMONTE 10 PT,42 mm,4 - 10,325 g/pc.
114590,EN,FREERIDE,ALMONTE 10 PT,42 mm,4 - 10,325 g/pc.
114591,EN,FREERIDE,ALMONTE 10 PT DEMO,42 mm,4 - 10,420 g/pc.
114592,EN,FREERIDE,ALMONTE 10 PT DEMO,42 mm,4 - 10,420 g/pc.
114304,EN,FREERIDE,AMBITION 10 MN,38 (*42)  mm,3 - 10,950 g/pc.
114593,EN,FREERIDE,PROTECTOR ATTACK LYT 13 GW,32 mm,4 - 13,1230 g/pc.
114594,EN,FREERIDE,PROTECTOR ATTACK LYT 13 GW,32 mm,4 - 13,1230 g/pc.
114595,EN,FREERIDE,PROTECTOR ATTACK LYT 13 GW,32 mm,4 - 13,1230 g/pc.
114631,EN,FREERIDE,ATTACK 17 GW,17 mm,6 - 17,1120 g/pc.
114632,EN,FREERIDE,ATTACK 17 GW,17 mm,6 - 17,1120 g/pc.
114665,EN,FREERIDE,ATTACK 17 GW,17 mm,6 - 17,1120 g/pc.
114633,EN,FREERIDE,ATTACK 14 MN,24 mm,4 - 14,960 g/pc.
114634,EN,FREERIDE,ATTACK 14 GW,17 mm,4 - 14,1025 g/pc.
114635,EN,FREERIDE,ATTACK 14 GW,17 mm,4 - 14,1025 g/pc.
114636,EN,FREERIDE,ATTACK 14 GW,17 mm,4 - 14,1025 g/pc.
114637,EN,FREERIDE,ATTACK 14 GW,17 mm,4 - 14,1025 g/pc.
114638,EN,FREERIDE,ATTACK 14 GW,17 mm,4 - 14,1025 g/pc.
114639,EN,FREERIDE,ATTACK 14 GW,17 mm,4 - 14,1025 g/pc.
114640,EN,FREERIDE,ATTACK 14 GW,17 mm,4 - 14,1025 g/pc.
114641,EN,FREERIDE,ATTACK 14 GW,17 mm,4 - 14,1025 g/pc.
114642,EN,FREERIDE,ATTACK 14 GW,17 mm,4 - 14,1025 g/pc.
114643,EN,FREERIDE,ATTACK 14 GW,17 mm,4 - 14,1025 g/pc.
114644,EN,FREERIDE,ATTACK 14 GW,17 mm,4 - 14,1025 g/pc.
114645,EN,FREERIDE,ATTACK 14 GW,17 mm,4 - 14,1025 g/pc.
114646,EN,FREERIDE,ATTACK 14 GW,17 mm,4 - 14,1025 g/pc.
114647,EN,FREERIDE,ATTACK 14 GW,17 mm,4 - 14,1025 g/pc.
114648,EN,FREERIDE,ATTACK 14 GW,17 mm,4 - 14,1025 g/pc.
114649,EN,FREERIDE,ATTACK 14 GW,17 mm,4 - 14,1025 g/pc.
114650,EN,FREERIDE,ATTACK 14 GW,17 mm,4 - 14,1025 g/pc.
114651,EN,FREERIDE,ATTACK 14 GW,17 mm,4 - 14,1025 g/pc.
114652,EN,FREERIDE,ATTACK 14 GW,17 mm,4 - 14,1025 g/pc.
114653,EN,FREERIDE,ATTACK 14 GW,17 mm,4 - 14,1025 g/pc.
114654,EN,FREERIDE,ATTACK 14 GW,17 mm,4 - 14,1025 g/pc.
114655,EN,FREERIDE,ATTACK 14 GW,17 mm,4 - 14,1025 g/pc.
114596,EN,FREERIDE,ATTACK LYT 12 GW,17 mm,"3,5 - 12",960 g/pc.
114597,EN,FREERIDE,ATTACK LYT 12 GW,17 mm,"3,5 - 12",960 g/pc.
114598,EN,FREERIDE,ATTACK LYT 11 GW,17 mm,3 - 11,905 g/pc.
114599,EN,FREERIDE,ATTACK LYT 11 GW,17 mm,3 - 11,905 g/pc.
114600,EN,FREERIDE,ATTACK LYT 11 GW,17 mm,3 - 11,905 g/pc.
114601,EN,FREERIDE,ATTACK LYT 11 GW,17 mm,3 - 11,905 g/pc.
114602,EN,FREERIDE,ATTACK LYT 11 GW,17 mm,3 - 11,905 g/pc.
114603,EN,FREERIDE,ATTACK LYT 11 GW,17 mm,3 - 11,905 g/pc.
114604,EN,FREERIDE,ATTACK LYT 11 GW,17 mm,3 - 11,905 g/pc.
114605,EN,FREERIDE,ATTACK LYT 11 GW,17 mm,3 - 11,905 g/pc.
114656,EN,FREERIDE,ATTACK LYT 11 GW,17 mm,3 - 11,905 g/pc.
114657,EN,FREERIDE,ATTACK LYT 11 GW,17 mm,3 - 11,905 g/pc.
114606,EN,FREERIDE,ATTACK LYT 9 GW,21 mm,2 - 9,845 g/pc.
114607,EN,FREERIDE,ATTACK LYT 9 GW,21 mm,2 - 9,845 g/pc.
114658,EN,FREERIDE,ATTACK 14 MN DEMO,32 mm,4 - 14,1285 g/pc.
114608,EN,FREERIDE,ATTACK LYT 13 GW DEMO,32 mm,4 - 13,1220 g/pc.
114609,EN,FREERIDE,ATTACK LYT 13 GW DEMO,32 mm,4 - 13,1220 g/pc.
114610,EN,FREERIDE,ATTACK LYT 13 GW DEMO,32 mm,4 - 13,1220 g/pc.
114611,EN,FREERIDE,ATTACK LYT 11 GW DEMO,32 mm,3 - 11,1160 g/pc.
114612,EN,FREERIDE,ATTACK LYT 11 GW DEMO,32 mm,3 - 11,1160 g/pc.
114613,EN,FREERIDE,ATTACK LYT 11 GW DEMO,32 mm,3 - 11,1160 g/pc.
114614,EN,FREERIDE,ATTACK LYT 11 GW DEMO,32 mm,3 - 11,1160 g/pc.
114615,EN,FREERIDE,ATTACK LYT 11 GW DEMO,32 mm,3 - 11,1160 g/pc.
114616,EN,FREERIDE,ATTACK LYT 11 GW DEMO,32 mm,3 - 11,1160 g/pc.
100921,EN,JUNIOR,EVO 9 GW CA,21 mm,2 - 9,780 g/pc.
100922,EN,JUNIOR,JRS 7.5 GW CA,27 mm,"2 - 7,5",610 g/pc.
114470,EN,JUNIOR,JRS 7.5 GW CA,27 mm,"2 - 7,5",610 g/pc.
114471,EN,JUNIOR,JRS 7.5 GW CA,27 mm,"2 - 7,5",610 g/pc.
114473,EN,JUNIOR,JRS 7.5 GW CA,27 mm,"2 - 7,5",610 g/pc.
114474,EN,JUNIOR,JRS 7.5 GW CA,27 mm,"2 - 7,5",610 g/pc.
100923,EN,JUNIOR,JRS 4.5 GW CA,27 mm,"0,75 - 4,5",575 g/pc.
114475,EN,JUNIOR,JRS 4.5 GW CA,27 mm,"0,75 - 4,5",575 g/pc.
114477,EN,JUNIOR,JRS 4.5 GW CA,27 mm,"0,75 - 4,5",575 g/pc.
114478,EN,JUNIOR,JRS 4.5 GW CA,27 mm,"0,75 - 4,5",575 g/pc.
114479,EN,JUNIOR,JRS 4.5 GW CA,27 mm,"0,75 - 4,5",575 g/pc.
114487,EN,JUNIOR,SX TEAM 9.0 GW CA,21 mm,2 - 9,780 g/pc.
114488,EN,JUNIOR,SX 7.5 GW CA,21 mm,"2 - 7,5",685 g/pc.
114489,EN,JUNIOR,SX 7.5 GW CA,21 mm,"2 - 7,5",685 g/pc.
114490,EN,JUNIOR,SX 7.5 GW CA,21 mm,"2 - 7,5",685 g/pc.
114491,EN,JUNIOR,SX 4.5 GW CA,15 mm,"0,75 - 4,5",600 g/pc.
114492,EN,JUNIOR,SX 4.5 GW CA,15 mm,"0,75 - 4,5",600 g/pc.